model,MAE,RMSE
gbm,393.75857095012987,709.1366365155499
glm,46.594633011738054,86.23065508131715
