model,MAE,RMSE
ensemble,46.596218597766445,85.96382610568904
gbm,393.75857095012987,709.1366365155499
glm,46.594633011738054,86.23065508131715
sarima,697.0439364245312,1433.9973791811913
