,MAE,RMSE
mean,393.75857095012987,709.13663651555
