MAE,RMSE
46.594633011738054,86.23065508131715
